run_id,run_dir,dataset_name,frequency,seasonal_period,pattern_len,pattern_lens,qrels_n_bins,forecast_h,seed,patterns_per_series,regime_definition,experiment,system,n_queries,p@10,ap@10,ndcg@10,p@15,ap@15,ndcg@15,comparison,approach
freqquarterly__bins2__h2__seed42__pps1__regfull,results_ri_bins_sensitivity/quarterly/freqquarterly__bins2__h2__seed42__pps1__regfull,m3_quarterly,quarterly,4,24,"12,24,36",2,2,42,1,full,exp1_pattern_main,pattern_tsfel,151,0.7410596026490066,0.025494058297124502,0.3839035268901191,0.7315673289183223,0.03679844616942872,0.3765791341818345,,
freqquarterly__bins2__h2__seed42__pps1__regfull,results_ri_bins_sensitivity/quarterly/freqquarterly__bins2__h2__seed42__pps1__regfull,m3_quarterly,quarterly,4,24,"12,24,36",2,2,42,1,full,exp1_pattern_main,pattern_raw_cosine+pattern_tsfel,151,0.7410596026490066,0.025494058297124502,0.3839035268901191,0.7315673289183223,0.03679844616942872,0.3765791341818345,,
freqquarterly__bins2__h2__seed42__pps1__regfull,results_ri_bins_sensitivity/quarterly/freqquarterly__bins2__h2__seed42__pps1__regfull,m3_quarterly,quarterly,4,24,"12,24,36",2,2,42,1,full,exp1_pattern_main,pattern_raw_dtw,151,0.6490066225165563,0.021331210425130313,0.3385820524192684,0.644150110375276,0.03068132763696329,0.33182696513892207,,
freqquarterly__bins2__h2__seed42__pps1__regfull,results_ri_bins_sensitivity/quarterly/freqquarterly__bins2__h2__seed42__pps1__regfull,m3_quarterly,quarterly,4,24,"12,24,36",2,2,42,1,full,exp1_pattern_main,pattern_raw_cosine,151,0.5980132450331126,0.018874982961209562,0.3154479009386773,0.6066225165562914,0.027532798379783247,0.31442708261931146,,
freqquarterly__bins2__h2__seed42__pps1__regfull,results_ri_bins_sensitivity/quarterly/freqquarterly__bins2__h2__seed42__pps1__regfull,m3_quarterly,quarterly,4,24,"12,24,36",2,2,42,1,full,exp1_pattern_main,random,151,0.5503311258278146,0.014833904279682337,0.2450658820282552,0.5523178807947019,0.02139697198041314,0.24722960654816076,,
freqquarterly__bins2__h2__seed42__pps1__regfull,results_ri_bins_sensitivity/quarterly/freqquarterly__bins2__h2__seed42__pps1__regfull,m3_quarterly,quarterly,4,24,"12,24,36",2,2,42,1,full,exp2_whole_vs_pattern,raw_cosine,151,0.6238410596026491,0.019852165105318384,0.3256108873868435,0.6189845474613687,0.02827272656547588,0.3181794471090908,cosine,whole-series
freqquarterly__bins2__h2__seed42__pps1__regfull,results_ri_bins_sensitivity/quarterly/freqquarterly__bins2__h2__seed42__pps1__regfull,m3_quarterly,quarterly,4,24,"12,24,36",2,2,42,1,full,exp2_whole_vs_pattern,pattern_raw_cosine,151,0.5980132450331126,0.018874982961209562,0.3154479009386773,0.6066225165562914,0.027532798379783247,0.31442708261931146,cosine,pattern
freqquarterly__bins2__h2__seed42__pps1__regfull,results_ri_bins_sensitivity/quarterly/freqquarterly__bins2__h2__seed42__pps1__regfull,m3_quarterly,quarterly,4,24,"12,24,36",2,2,42,1,full,exp2_whole_vs_pattern,raw_dtw,151,0.6298013245033112,0.020311069827748895,0.3262300878118624,0.6331125827814569,0.029261013296202173,0.32175006245641075,dtw,whole-series
freqquarterly__bins2__h2__seed42__pps1__regfull,results_ri_bins_sensitivity/quarterly/freqquarterly__bins2__h2__seed42__pps1__regfull,m3_quarterly,quarterly,4,24,"12,24,36",2,2,42,1,full,exp2_whole_vs_pattern,pattern_raw_dtw,151,0.6490066225165563,0.021331210425130313,0.3385820524192684,0.644150110375276,0.03068132763696329,0.33182696513892207,dtw,pattern
freqquarterly__bins2__h2__seed42__pps1__regfull,results_ri_bins_sensitivity/quarterly/freqquarterly__bins2__h2__seed42__pps1__regfull,m3_quarterly,quarterly,4,24,"12,24,36",2,2,42,1,full,exp2_whole_vs_pattern,tsfel,151,0.7092715231788081,0.02432926055580893,0.3734416618269185,0.713907284768212,0.03588465859560005,0.37616140436946843,tsfel,whole-series
freqquarterly__bins2__h2__seed42__pps1__regfull,results_ri_bins_sensitivity/quarterly/freqquarterly__bins2__h2__seed42__pps1__regfull,m3_quarterly,quarterly,4,24,"12,24,36",2,2,42,1,full,exp2_whole_vs_pattern,pattern_tsfel,151,0.7410596026490066,0.025494058297124502,0.3839035268901191,0.7315673289183223,0.03679844616942872,0.3765791341818345,tsfel,pattern
freqquarterly__bins2__h2__seed42__pps1__regfull,results_ri_bins_sensitivity/quarterly/freqquarterly__bins2__h2__seed42__pps1__regfull,m3_quarterly,quarterly,4,24,"12,24,36",2,2,42,1,full,exp3_retrieval_ablation,random,151,0.5503311258278146,0.014833904279682337,0.2450658820282552,0.5523178807947019,0.02139697198041314,0.24722960654816076,,random
freqquarterly__bins2__h2__seed42__pps1__regfull,results_ri_bins_sensitivity/quarterly/freqquarterly__bins2__h2__seed42__pps1__regfull,m3_quarterly,quarterly,4,24,"12,24,36",2,2,42,1,full,exp3_retrieval_ablation,pattern_tsfel,151,0.7410596026490066,0.025494058297124502,0.3839035268901191,0.7315673289183223,0.03679844616942872,0.3765791341818345,,best_content_baseline
freqquarterly__bins2__h2__seed42__pps1__regfull,results_ri_bins_sensitivity/quarterly/freqquarterly__bins2__h2__seed42__pps1__regfull,m3_quarterly,quarterly,4,12,"12,24,36",2,2,42,1,full,exp4_pattern_length_sensitivity,pattern_tsfel,151,0.719205298013245,0.024515348871774596,0.3815534672623713,0.7112582781456953,0.03559300232383327,0.3767786516055354,,
freqquarterly__bins2__h2__seed42__pps1__regfull,results_ri_bins_sensitivity/quarterly/freqquarterly__bins2__h2__seed42__pps1__regfull,m3_quarterly,quarterly,4,12,"12,24,36",2,2,42,1,full,exp4_pattern_length_sensitivity,pattern_raw_cosine,151,0.6264900662251656,0.020180936640519224,0.3276760848155538,0.6181015452538631,0.028610559295633876,0.31867873251233253,,
freqquarterly__bins2__h2__seed42__pps1__regfull,results_ri_bins_sensitivity/quarterly/freqquarterly__bins2__h2__seed42__pps1__regfull,m3_quarterly,quarterly,4,12,"12,24,36",2,2,42,1,full,exp4_pattern_length_sensitivity,pattern_raw_dtw,151,0.6258278145695364,0.01967031274767467,0.3255305751046564,0.6163355408388521,0.028104151352547974,0.3178312808400346,,
freqquarterly__bins2__h2__seed42__pps1__regfull,results_ri_bins_sensitivity/quarterly/freqquarterly__bins2__h2__seed42__pps1__regfull,m3_quarterly,quarterly,4,24,"12,24,36",2,2,42,1,full,exp4_pattern_length_sensitivity,pattern_tsfel,151,0.7410596026490066,0.025494058297124502,0.3839035268901191,0.7315673289183223,0.03679844616942872,0.3765791341818345,,
freqquarterly__bins2__h2__seed42__pps1__regfull,results_ri_bins_sensitivity/quarterly/freqquarterly__bins2__h2__seed42__pps1__regfull,m3_quarterly,quarterly,4,24,"12,24,36",2,2,42,1,full,exp4_pattern_length_sensitivity,pattern_raw_dtw,151,0.6490066225165563,0.021331210425130313,0.3385820524192684,0.644150110375276,0.03068132763696329,0.33182696513892207,,
freqquarterly__bins2__h2__seed42__pps1__regfull,results_ri_bins_sensitivity/quarterly/freqquarterly__bins2__h2__seed42__pps1__regfull,m3_quarterly,quarterly,4,24,"12,24,36",2,2,42,1,full,exp4_pattern_length_sensitivity,pattern_raw_cosine,151,0.5980132450331126,0.018874982961209562,0.3154479009386773,0.6066225165562914,0.027532798379783247,0.31442708261931146,,
freqquarterly__bins2__h2__seed42__pps1__regfull,results_ri_bins_sensitivity/quarterly/freqquarterly__bins2__h2__seed42__pps1__regfull,m3_quarterly,quarterly,4,36,"12,24,36",2,2,42,1,full,exp4_pattern_length_sensitivity,pattern_tsfel,151,0.7675496688741722,0.026930941363478334,0.40630700713506984,0.7629139072847682,0.039304745087580785,0.4018110559714336,,
freqquarterly__bins2__h2__seed42__pps1__regfull,results_ri_bins_sensitivity/quarterly/freqquarterly__bins2__h2__seed42__pps1__regfull,m3_quarterly,quarterly,4,36,"12,24,36",2,2,42,1,full,exp4_pattern_length_sensitivity,pattern_raw_dtw,151,0.6490066225165563,0.020986539700526434,0.328087833529583,0.6437086092715231,0.03032752275728026,0.324220263255947,,
freqquarterly__bins2__h2__seed42__pps1__regfull,results_ri_bins_sensitivity/quarterly/freqquarterly__bins2__h2__seed42__pps1__regfull,m3_quarterly,quarterly,4,36,"12,24,36",2,2,42,1,full,exp4_pattern_length_sensitivity,pattern_raw_cosine,151,0.6463576158940398,0.020694345023174413,0.32763672629942087,0.6331125827814569,0.0295146317775566,0.3227375283403104,,
freqquarterly__bins2__h4__seed42__pps1__regfull,results_ri_bins_sensitivity/quarterly/freqquarterly__bins2__h4__seed42__pps1__regfull,m3_quarterly,quarterly,4,24,"12,24,36",2,4,42,1,full,exp1_pattern_main,pattern_tsfel,151,0.7324503311258278,0.025185865057854608,0.34728545801211175,0.7209713024282561,0.03639558771568113,0.34707476494337625,,
freqquarterly__bins2__h4__seed42__pps1__regfull,results_ri_bins_sensitivity/quarterly/freqquarterly__bins2__h4__seed42__pps1__regfull,m3_quarterly,quarterly,4,24,"12,24,36",2,4,42,1,full,exp1_pattern_main,pattern_raw_cosine+pattern_tsfel,151,0.7324503311258278,0.025185865057854608,0.34728545801211175,0.7209713024282561,0.03639558771568113,0.34707476494337625,,
freqquarterly__bins2__h4__seed42__pps1__regfull,results_ri_bins_sensitivity/quarterly/freqquarterly__bins2__h4__seed42__pps1__regfull,m3_quarterly,quarterly,4,24,"12,24,36",2,4,42,1,full,exp1_pattern_main,pattern_raw_dtw,151,0.6238410596026489,0.019776601608616568,0.3040311739508287,0.6176600441501103,0.02816878575148147,0.29698292716629443,,
freqquarterly__bins2__h4__seed42__pps1__regfull,results_ri_bins_sensitivity/quarterly/freqquarterly__bins2__h4__seed42__pps1__regfull,m3_quarterly,quarterly,4,24,"12,24,36",2,4,42,1,full,exp1_pattern_main,pattern_raw_cosine,151,0.613907284768212,0.019283312167091365,0.29322580039032337,0.5991169977924945,0.02702320128078745,0.2859926769048483,,
freqquarterly__bins2__h4__seed42__pps1__regfull,results_ri_bins_sensitivity/quarterly/freqquarterly__bins2__h4__seed42__pps1__regfull,m3_quarterly,quarterly,4,24,"12,24,36",2,4,42,1,full,exp1_pattern_main,random,151,0.5278145695364238,0.014068681502421217,0.21752786360534887,0.5306843267108168,0.02011877160395591,0.2172180772342291,,
freqquarterly__bins2__h4__seed42__pps1__regfull,results_ri_bins_sensitivity/quarterly/freqquarterly__bins2__h4__seed42__pps1__regfull,m3_quarterly,quarterly,4,24,"12,24,36",2,4,42,1,full,exp2_whole_vs_pattern,raw_cosine,151,0.6298013245033112,0.0194427720055876,0.3215064254944999,0.6088300220750552,0.02706010898719398,0.31090098370940006,cosine,whole-series
freqquarterly__bins2__h4__seed42__pps1__regfull,results_ri_bins_sensitivity/quarterly/freqquarterly__bins2__h4__seed42__pps1__regfull,m3_quarterly,quarterly,4,24,"12,24,36",2,4,42,1,full,exp2_whole_vs_pattern,pattern_raw_cosine,151,0.613907284768212,0.019283312167091365,0.29322580039032337,0.5991169977924945,0.02702320128078745,0.2859926769048483,cosine,pattern
freqquarterly__bins2__h4__seed42__pps1__regfull,results_ri_bins_sensitivity/quarterly/freqquarterly__bins2__h4__seed42__pps1__regfull,m3_quarterly,quarterly,4,24,"12,24,36",2,4,42,1,full,exp2_whole_vs_pattern,raw_dtw,151,0.6403973509933774,0.019981492179270085,0.32268232027045185,0.6233995584988962,0.027922387832619047,0.31363505327040014,dtw,whole-series
freqquarterly__bins2__h4__seed42__pps1__regfull,results_ri_bins_sensitivity/quarterly/freqquarterly__bins2__h4__seed42__pps1__regfull,m3_quarterly,quarterly,4,24,"12,24,36",2,4,42,1,full,exp2_whole_vs_pattern,pattern_raw_dtw,151,0.6238410596026489,0.019776601608616568,0.3040311739508287,0.6176600441501103,0.02816878575148147,0.29698292716629443,dtw,pattern
freqquarterly__bins2__h4__seed42__pps1__regfull,results_ri_bins_sensitivity/quarterly/freqquarterly__bins2__h4__seed42__pps1__regfull,m3_quarterly,quarterly,4,24,"12,24,36",2,4,42,1,full,exp2_whole_vs_pattern,tsfel,151,0.7397350993377484,0.025375780398493628,0.3944842569030779,0.7386313465783665,0.03726939910467183,0.3923332621658128,tsfel,whole-series
freqquarterly__bins2__h4__seed42__pps1__regfull,results_ri_bins_sensitivity/quarterly/freqquarterly__bins2__h4__seed42__pps1__regfull,m3_quarterly,quarterly,4,24,"12,24,36",2,4,42,1,full,exp2_whole_vs_pattern,pattern_tsfel,151,0.7324503311258278,0.025185865057854608,0.34728545801211175,0.7209713024282561,0.03639558771568113,0.34707476494337625,tsfel,pattern
freqquarterly__bins2__h4__seed42__pps1__regfull,results_ri_bins_sensitivity/quarterly/freqquarterly__bins2__h4__seed42__pps1__regfull,m3_quarterly,quarterly,4,24,"12,24,36",2,4,42,1,full,exp3_retrieval_ablation,random,151,0.5278145695364238,0.014068681502421217,0.21752786360534887,0.5306843267108168,0.02011877160395591,0.2172180772342291,,random
freqquarterly__bins2__h4__seed42__pps1__regfull,results_ri_bins_sensitivity/quarterly/freqquarterly__bins2__h4__seed42__pps1__regfull,m3_quarterly,quarterly,4,24,"12,24,36",2,4,42,1,full,exp3_retrieval_ablation,pattern_tsfel,151,0.7324503311258278,0.025185865057854608,0.34728545801211175,0.7209713024282561,0.03639558771568113,0.34707476494337625,,best_content_baseline
freqquarterly__bins2__h4__seed42__pps1__regfull,results_ri_bins_sensitivity/quarterly/freqquarterly__bins2__h4__seed42__pps1__regfull,m3_quarterly,quarterly,4,12,"12,24,36",2,4,42,1,full,exp4_pattern_length_sensitivity,pattern_tsfel,151,0.7278145695364239,0.025402024582278186,0.38498745226249936,0.7280353200883003,0.03701498298217101,0.37816653756799307,,
freqquarterly__bins2__h4__seed42__pps1__regfull,results_ri_bins_sensitivity/quarterly/freqquarterly__bins2__h4__seed42__pps1__regfull,m3_quarterly,quarterly,4,12,"12,24,36",2,4,42,1,full,exp4_pattern_length_sensitivity,pattern_raw_cosine,151,0.6198675496688743,0.018840776832966213,0.3105845275085068,0.6163355408388521,0.027094381682926865,0.30249594020190707,,
freqquarterly__bins2__h4__seed42__pps1__regfull,results_ri_bins_sensitivity/quarterly/freqquarterly__bins2__h4__seed42__pps1__regfull,m3_quarterly,quarterly,4,12,"12,24,36",2,4,42,1,full,exp4_pattern_length_sensitivity,pattern_raw_dtw,151,0.5900662251655628,0.017872551756703863,0.30269703306949364,0.6048565121412803,0.026261484618380012,0.3020081101560556,,
freqquarterly__bins2__h4__seed42__pps1__regfull,results_ri_bins_sensitivity/quarterly/freqquarterly__bins2__h4__seed42__pps1__regfull,m3_quarterly,quarterly,4,24,"12,24,36",2,4,42,1,full,exp4_pattern_length_sensitivity,pattern_tsfel,151,0.7324503311258278,0.025185865057854608,0.34728545801211175,0.7209713024282561,0.03639558771568113,0.34707476494337625,,
freqquarterly__bins2__h4__seed42__pps1__regfull,results_ri_bins_sensitivity/quarterly/freqquarterly__bins2__h4__seed42__pps1__regfull,m3_quarterly,quarterly,4,24,"12,24,36",2,4,42,1,full,exp4_pattern_length_sensitivity,pattern_raw_dtw,151,0.6238410596026489,0.019776601608616568,0.3040311739508287,0.6176600441501103,0.02816878575148147,0.29698292716629443,,
freqquarterly__bins2__h4__seed42__pps1__regfull,results_ri_bins_sensitivity/quarterly/freqquarterly__bins2__h4__seed42__pps1__regfull,m3_quarterly,quarterly,4,24,"12,24,36",2,4,42,1,full,exp4_pattern_length_sensitivity,pattern_raw_cosine,151,0.613907284768212,0.019283312167091365,0.29322580039032337,0.5991169977924945,0.02702320128078745,0.2859926769048483,,
freqquarterly__bins2__h4__seed42__pps1__regfull,results_ri_bins_sensitivity/quarterly/freqquarterly__bins2__h4__seed42__pps1__regfull,m3_quarterly,quarterly,4,36,"12,24,36",2,4,42,1,full,exp4_pattern_length_sensitivity,pattern_tsfel,151,0.7403973509933774,0.0258818779614081,0.38059141420273396,0.7333333333333334,0.03749786530137539,0.3725799701693672,,
freqquarterly__bins2__h4__seed42__pps1__regfull,results_ri_bins_sensitivity/quarterly/freqquarterly__bins2__h4__seed42__pps1__regfull,m3_quarterly,quarterly,4,36,"12,24,36",2,4,42,1,full,exp4_pattern_length_sensitivity,pattern_raw_cosine,151,0.6403973509933774,0.02074514801160621,0.331744384878033,0.6286975717439294,0.0295466876557466,0.31921439088017933,,
freqquarterly__bins2__h4__seed42__pps1__regfull,results_ri_bins_sensitivity/quarterly/freqquarterly__bins2__h4__seed42__pps1__regfull,m3_quarterly,quarterly,4,36,"12,24,36",2,4,42,1,full,exp4_pattern_length_sensitivity,pattern_raw_dtw,151,0.6536423841059602,0.02092476879373859,0.3298361619156818,0.6463576158940397,0.030137316302707565,0.32025384694381276,,
freqquarterly__bins2__h8__seed42__pps1__regfull,results_ri_bins_sensitivity/quarterly/freqquarterly__bins2__h8__seed42__pps1__regfull,m3_quarterly,quarterly,4,24,"12,24,36",2,8,42,1,full,exp1_pattern_main,pattern_tsfel,151,0.7317880794701986,0.025055469266503764,0.3738641810615576,0.7333333333333334,0.03684390331627249,0.371585008025751,,
freqquarterly__bins2__h8__seed42__pps1__regfull,results_ri_bins_sensitivity/quarterly/freqquarterly__bins2__h8__seed42__pps1__regfull,m3_quarterly,quarterly,4,24,"12,24,36",2,8,42,1,full,exp1_pattern_main,pattern_raw_cosine+pattern_tsfel,151,0.7139072847682119,0.024383243172964503,0.36501643944860157,0.7152317880794702,0.035528917587382684,0.3581652988540794,,
freqquarterly__bins2__h8__seed42__pps1__regfull,results_ri_bins_sensitivity/quarterly/freqquarterly__bins2__h8__seed42__pps1__regfull,m3_quarterly,quarterly,4,24,"12,24,36",2,8,42,1,full,exp1_pattern_main,pattern_raw_dtw,151,0.609271523178808,0.018549727023478412,0.2974118120101634,0.61280353200883,0.026875359609074518,0.2939098936380447,,
freqquarterly__bins2__h8__seed42__pps1__regfull,results_ri_bins_sensitivity/quarterly/freqquarterly__bins2__h8__seed42__pps1__regfull,m3_quarterly,quarterly,4,24,"12,24,36",2,8,42,1,full,exp1_pattern_main,pattern_raw_cosine,151,0.5860927152317881,0.017951666511208518,0.292576833679699,0.5827814569536424,0.025551738827338834,0.2916413995543685,,
freqquarterly__bins2__h8__seed42__pps1__regfull,results_ri_bins_sensitivity/quarterly/freqquarterly__bins2__h8__seed42__pps1__regfull,m3_quarterly,quarterly,4,24,"12,24,36",2,8,42,1,full,exp1_pattern_main,random,151,0.533112582781457,0.014130500235490135,0.23870244389858708,0.5368653421633554,0.020279827531358426,0.23558798850505508,,
freqquarterly__bins2__h8__seed42__pps1__regfull,results_ri_bins_sensitivity/quarterly/freqquarterly__bins2__h8__seed42__pps1__regfull,m3_quarterly,quarterly,4,24,"12,24,36",2,8,42,1,full,exp2_whole_vs_pattern,raw_cosine,151,0.5920529801324503,0.018443583849916928,0.30525601126164625,0.5770419426048565,0.025777524315090224,0.29415932242541776,cosine,whole-series
freqquarterly__bins2__h8__seed42__pps1__regfull,results_ri_bins_sensitivity/quarterly/freqquarterly__bins2__h8__seed42__pps1__regfull,m3_quarterly,quarterly,4,24,"12,24,36",2,8,42,1,full,exp2_whole_vs_pattern,pattern_raw_cosine,151,0.5860927152317881,0.017951666511208518,0.292576833679699,0.5827814569536424,0.025551738827338834,0.2916413995543685,cosine,pattern
freqquarterly__bins2__h8__seed42__pps1__regfull,results_ri_bins_sensitivity/quarterly/freqquarterly__bins2__h8__seed42__pps1__regfull,m3_quarterly,quarterly,4,24,"12,24,36",2,8,42,1,full,exp2_whole_vs_pattern,raw_dtw,151,0.6145695364238412,0.01928452099627586,0.31308495857853536,0.6039735099337747,0.02705930902287241,0.3070293891633067,dtw,whole-series
freqquarterly__bins2__h8__seed42__pps1__regfull,results_ri_bins_sensitivity/quarterly/freqquarterly__bins2__h8__seed42__pps1__regfull,m3_quarterly,quarterly,4,24,"12,24,36",2,8,42,1,full,exp2_whole_vs_pattern,pattern_raw_dtw,151,0.609271523178808,0.018549727023478412,0.2974118120101634,0.61280353200883,0.026875359609074518,0.2939098936380447,dtw,pattern
freqquarterly__bins2__h8__seed42__pps1__regfull,results_ri_bins_sensitivity/quarterly/freqquarterly__bins2__h8__seed42__pps1__regfull,m3_quarterly,quarterly,4,24,"12,24,36",2,8,42,1,full,exp2_whole_vs_pattern,tsfel,151,0.7086092715231788,0.024350267479438636,0.3645108276384957,0.7015452538631347,0.03499889212863067,0.36007871075111747,tsfel,whole-series
freqquarterly__bins2__h8__seed42__pps1__regfull,results_ri_bins_sensitivity/quarterly/freqquarterly__bins2__h8__seed42__pps1__regfull,m3_quarterly,quarterly,4,24,"12,24,36",2,8,42,1,full,exp2_whole_vs_pattern,pattern_tsfel,151,0.7317880794701986,0.025055469266503764,0.3738641810615576,0.7333333333333334,0.03684390331627249,0.371585008025751,tsfel,pattern
freqquarterly__bins2__h8__seed42__pps1__regfull,results_ri_bins_sensitivity/quarterly/freqquarterly__bins2__h8__seed42__pps1__regfull,m3_quarterly,quarterly,4,24,"12,24,36",2,8,42,1,full,exp3_retrieval_ablation,random,151,0.533112582781457,0.014130500235490135,0.23870244389858708,0.5368653421633554,0.020279827531358426,0.23558798850505508,,random
freqquarterly__bins2__h8__seed42__pps1__regfull,results_ri_bins_sensitivity/quarterly/freqquarterly__bins2__h8__seed42__pps1__regfull,m3_quarterly,quarterly,4,24,"12,24,36",2,8,42,1,full,exp3_retrieval_ablation,pattern_tsfel,151,0.7317880794701986,0.025055469266503764,0.3738641810615576,0.7333333333333334,0.03684390331627249,0.371585008025751,,best_content_baseline
freqquarterly__bins2__h8__seed42__pps1__regfull,results_ri_bins_sensitivity/quarterly/freqquarterly__bins2__h8__seed42__pps1__regfull,m3_quarterly,quarterly,4,12,"12,24,36",2,8,42,1,full,exp4_pattern_length_sensitivity,pattern_tsfel,151,0.7278145695364239,0.025402024582278186,0.38498745226249936,0.7280353200883003,0.03701498298217101,0.37816653756799307,,
freqquarterly__bins2__h8__seed42__pps1__regfull,results_ri_bins_sensitivity/quarterly/freqquarterly__bins2__h8__seed42__pps1__regfull,m3_quarterly,quarterly,4,12,"12,24,36",2,8,42,1,full,exp4_pattern_length_sensitivity,pattern_raw_cosine,151,0.6198675496688743,0.018840776832966213,0.3105845275085068,0.6163355408388521,0.027094381682926865,0.30249594020190707,,
freqquarterly__bins2__h8__seed42__pps1__regfull,results_ri_bins_sensitivity/quarterly/freqquarterly__bins2__h8__seed42__pps1__regfull,m3_quarterly,quarterly,4,12,"12,24,36",2,8,42,1,full,exp4_pattern_length_sensitivity,pattern_raw_dtw,151,0.5900662251655628,0.017872551756703863,0.30269703306949364,0.6048565121412803,0.026261484618380012,0.3020081101560556,,
freqquarterly__bins2__h8__seed42__pps1__regfull,results_ri_bins_sensitivity/quarterly/freqquarterly__bins2__h8__seed42__pps1__regfull,m3_quarterly,quarterly,4,24,"12,24,36",2,8,42,1,full,exp4_pattern_length_sensitivity,pattern_tsfel,151,0.7317880794701986,0.025055469266503764,0.3738641810615576,0.7333333333333334,0.03684390331627249,0.371585008025751,,
freqquarterly__bins2__h8__seed42__pps1__regfull,results_ri_bins_sensitivity/quarterly/freqquarterly__bins2__h8__seed42__pps1__regfull,m3_quarterly,quarterly,4,24,"12,24,36",2,8,42,1,full,exp4_pattern_length_sensitivity,pattern_raw_dtw,151,0.609271523178808,0.018549727023478412,0.2974118120101634,0.61280353200883,0.026875359609074518,0.2939098936380447,,
freqquarterly__bins2__h8__seed42__pps1__regfull,results_ri_bins_sensitivity/quarterly/freqquarterly__bins2__h8__seed42__pps1__regfull,m3_quarterly,quarterly,4,24,"12,24,36",2,8,42,1,full,exp4_pattern_length_sensitivity,pattern_raw_cosine,151,0.5860927152317881,0.017951666511208518,0.292576833679699,0.5827814569536424,0.025551738827338834,0.2916413995543685,,
freqquarterly__bins2__h8__seed42__pps1__regfull,results_ri_bins_sensitivity/quarterly/freqquarterly__bins2__h8__seed42__pps1__regfull,m3_quarterly,quarterly,4,36,"12,24,36",2,8,42,1,full,exp4_pattern_length_sensitivity,pattern_tsfel,151,0.7218543046357616,0.02473270092663161,0.3687589906948985,0.7262693156732892,0.03637602846045367,0.362393978245261,,
freqquarterly__bins2__h8__seed42__pps1__regfull,results_ri_bins_sensitivity/quarterly/freqquarterly__bins2__h8__seed42__pps1__regfull,m3_quarterly,quarterly,4,36,"12,24,36",2,8,42,1,full,exp4_pattern_length_sensitivity,pattern_raw_dtw,151,0.6238410596026489,0.01956562240048962,0.29555985093899734,0.6194260485651214,0.028128864547027267,0.29071648063144684,,
freqquarterly__bins2__h8__seed42__pps1__regfull,results_ri_bins_sensitivity/quarterly/freqquarterly__bins2__h8__seed42__pps1__regfull,m3_quarterly,quarterly,4,36,"12,24,36",2,8,42,1,full,exp4_pattern_length_sensitivity,pattern_raw_cosine,151,0.6039735099337749,0.018937638042642948,0.2926611417186667,0.6044150110375277,0.027136033008086907,0.2869991198694968,,
freqquarterly__bins3__h2__seed42__pps1__regfull,results_ri_bins_sensitivity/quarterly/freqquarterly__bins3__h2__seed42__pps1__regfull,m3_quarterly,quarterly,4,24,"12,24,36",3,2,42,1,full,exp1_pattern_main,pattern_tsfel,151,0.5629139072847682,0.0261034632540846,0.27678344640579106,0.5364238410596026,0.035831534747419465,0.2709031402293195,,
freqquarterly__bins3__h2__seed42__pps1__regfull,results_ri_bins_sensitivity/quarterly/freqquarterly__bins3__h2__seed42__pps1__regfull,m3_quarterly,quarterly,4,24,"12,24,36",3,2,42,1,full,exp1_pattern_main,pattern_raw_cosine+pattern_tsfel,151,0.5629139072847682,0.0261034632540846,0.27678344640579106,0.5364238410596026,0.035831534747419465,0.2709031402293195,,
freqquarterly__bins3__h2__seed42__pps1__regfull,results_ri_bins_sensitivity/quarterly/freqquarterly__bins3__h2__seed42__pps1__regfull,m3_quarterly,quarterly,4,24,"12,24,36",3,2,42,1,full,exp1_pattern_main,pattern_raw_dtw,151,0.4940397350993377,0.021511424812652974,0.24150697518809922,0.48653421633554084,0.030072458070846176,0.23971279615645844,,
freqquarterly__bins3__h2__seed42__pps1__regfull,results_ri_bins_sensitivity/quarterly/freqquarterly__bins3__h2__seed42__pps1__regfull,m3_quarterly,quarterly,4,24,"12,24,36",3,2,42,1,full,exp1_pattern_main,pattern_raw_cosine,151,0.4390728476821193,0.0186667715138796,0.2232505191570691,0.45033112582781465,0.026560642704865314,0.22504617695463414,,
freqquarterly__bins3__h2__seed42__pps1__regfull,results_ri_bins_sensitivity/quarterly/freqquarterly__bins3__h2__seed42__pps1__regfull,m3_quarterly,quarterly,4,24,"12,24,36",3,2,42,1,full,exp1_pattern_main,random,151,0.36490066225165557,0.011554482107473693,0.1535639147719045,0.3602649006622516,0.015913644684562175,0.15636103867296283,,
freqquarterly__bins3__h2__seed42__pps1__regfull,results_ri_bins_sensitivity/quarterly/freqquarterly__bins3__h2__seed42__pps1__regfull,m3_quarterly,quarterly,4,24,"12,24,36",3,2,42,1,full,exp2_whole_vs_pattern,raw_cosine,151,0.46821192052980126,0.019193818767413044,0.22398576306164625,0.45253863134657835,0.025932515484241983,0.2202334070626462,cosine,whole-series
freqquarterly__bins3__h2__seed42__pps1__regfull,results_ri_bins_sensitivity/quarterly/freqquarterly__bins3__h2__seed42__pps1__regfull,m3_quarterly,quarterly,4,24,"12,24,36",3,2,42,1,full,exp2_whole_vs_pattern,pattern_raw_cosine,151,0.4390728476821193,0.0186667715138796,0.2232505191570691,0.45033112582781465,0.026560642704865314,0.22504617695463414,cosine,pattern
freqquarterly__bins3__h2__seed42__pps1__regfull,results_ri_bins_sensitivity/quarterly/freqquarterly__bins3__h2__seed42__pps1__regfull,m3_quarterly,quarterly,4,24,"12,24,36",3,2,42,1,full,exp2_whole_vs_pattern,raw_dtw,151,0.4662251655629138,0.019607176000022406,0.21791922419922183,0.4573951434878587,0.026657663328495684,0.21711810469157836,dtw,whole-series
freqquarterly__bins3__h2__seed42__pps1__regfull,results_ri_bins_sensitivity/quarterly/freqquarterly__bins3__h2__seed42__pps1__regfull,m3_quarterly,quarterly,4,24,"12,24,36",3,2,42,1,full,exp2_whole_vs_pattern,pattern_raw_dtw,151,0.4940397350993377,0.021511424812652974,0.24150697518809922,0.48653421633554084,0.030072458070846176,0.23971279615645844,dtw,pattern
freqquarterly__bins3__h2__seed42__pps1__regfull,results_ri_bins_sensitivity/quarterly/freqquarterly__bins3__h2__seed42__pps1__regfull,m3_quarterly,quarterly,4,24,"12,24,36",3,2,42,1,full,exp2_whole_vs_pattern,tsfel,151,0.5576158940397351,0.025445567017277543,0.2656581540473981,0.5501103752759382,0.03607323722870619,0.26907461728200954,tsfel,whole-series
freqquarterly__bins3__h2__seed42__pps1__regfull,results_ri_bins_sensitivity/quarterly/freqquarterly__bins3__h2__seed42__pps1__regfull,m3_quarterly,quarterly,4,24,"12,24,36",3,2,42,1,full,exp2_whole_vs_pattern,pattern_tsfel,151,0.5629139072847682,0.0261034632540846,0.27678344640579106,0.5364238410596026,0.035831534747419465,0.2709031402293195,tsfel,pattern
freqquarterly__bins3__h2__seed42__pps1__regfull,results_ri_bins_sensitivity/quarterly/freqquarterly__bins3__h2__seed42__pps1__regfull,m3_quarterly,quarterly,4,24,"12,24,36",3,2,42,1,full,exp3_retrieval_ablation,random,151,0.36490066225165557,0.011554482107473693,0.1535639147719045,0.3602649006622516,0.015913644684562175,0.15636103867296283,,random
freqquarterly__bins3__h2__seed42__pps1__regfull,results_ri_bins_sensitivity/quarterly/freqquarterly__bins3__h2__seed42__pps1__regfull,m3_quarterly,quarterly,4,24,"12,24,36",3,2,42,1,full,exp3_retrieval_ablation,pattern_tsfel,151,0.5629139072847682,0.0261034632540846,0.27678344640579106,0.5364238410596026,0.035831534747419465,0.2709031402293195,,best_content_baseline
freqquarterly__bins3__h2__seed42__pps1__regfull,results_ri_bins_sensitivity/quarterly/freqquarterly__bins3__h2__seed42__pps1__regfull,m3_quarterly,quarterly,4,12,"12,24,36",3,2,42,1,full,exp4_pattern_length_sensitivity,pattern_tsfel,151,0.5582781456953643,0.025288335988815407,0.27875557237448184,0.5479028697571744,0.03564876538745477,0.27338375258118636,,
freqquarterly__bins3__h2__seed42__pps1__regfull,results_ri_bins_sensitivity/quarterly/freqquarterly__bins3__h2__seed42__pps1__regfull,m3_quarterly,quarterly,4,12,"12,24,36",3,2,42,1,full,exp4_pattern_length_sensitivity,pattern_raw_cosine,151,0.47284768211920525,0.020197587557686622,0.23602535795195773,0.4520971302428255,0.027069211595819938,0.2274547972667893,,
freqquarterly__bins3__h2__seed42__pps1__regfull,results_ri_bins_sensitivity/quarterly/freqquarterly__bins3__h2__seed42__pps1__regfull,m3_quarterly,quarterly,4,12,"12,24,36",3,2,42,1,full,exp4_pattern_length_sensitivity,pattern_raw_dtw,151,0.476158940397351,0.019853084338962112,0.23395561834805534,0.4587196467991171,0.027103424501798354,0.22621806307105066,,
freqquarterly__bins3__h2__seed42__pps1__regfull,results_ri_bins_sensitivity/quarterly/freqquarterly__bins3__h2__seed42__pps1__regfull,m3_quarterly,quarterly,4,24,"12,24,36",3,2,42,1,full,exp4_pattern_length_sensitivity,pattern_tsfel,151,0.5629139072847682,0.0261034632540846,0.27678344640579106,0.5364238410596026,0.035831534747419465,0.2709031402293195,,
freqquarterly__bins3__h2__seed42__pps1__regfull,results_ri_bins_sensitivity/quarterly/freqquarterly__bins3__h2__seed42__pps1__regfull,m3_quarterly,quarterly,4,24,"12,24,36",3,2,42,1,full,exp4_pattern_length_sensitivity,pattern_raw_dtw,151,0.4940397350993377,0.021511424812652974,0.24150697518809922,0.48653421633554084,0.030072458070846176,0.23971279615645844,,
freqquarterly__bins3__h2__seed42__pps1__regfull,results_ri_bins_sensitivity/quarterly/freqquarterly__bins3__h2__seed42__pps1__regfull,m3_quarterly,quarterly,4,24,"12,24,36",3,2,42,1,full,exp4_pattern_length_sensitivity,pattern_raw_cosine,151,0.4390728476821193,0.0186667715138796,0.2232505191570691,0.45033112582781465,0.026560642704865314,0.22504617695463414,,
freqquarterly__bins3__h2__seed42__pps1__regfull,results_ri_bins_sensitivity/quarterly/freqquarterly__bins3__h2__seed42__pps1__regfull,m3_quarterly,quarterly,4,36,"12,24,36",3,2,42,1,full,exp4_pattern_length_sensitivity,pattern_tsfel,151,0.5887417218543046,0.027660529198237468,0.27547405667541947,0.5708609271523178,0.03859968427460194,0.2722117865727069,,
freqquarterly__bins3__h2__seed42__pps1__regfull,results_ri_bins_sensitivity/quarterly/freqquarterly__bins3__h2__seed42__pps1__regfull,m3_quarterly,quarterly,4,36,"12,24,36",3,2,42,1,full,exp4_pattern_length_sensitivity,pattern_raw_dtw,151,0.49072847682119203,0.020993128497521697,0.22846571856594314,0.48785871964679905,0.029409135195217158,0.2311313643731852,,
freqquarterly__bins3__h2__seed42__pps1__regfull,results_ri_bins_sensitivity/quarterly/freqquarterly__bins3__h2__seed42__pps1__regfull,m3_quarterly,quarterly,4,36,"12,24,36",3,2,42,1,full,exp4_pattern_length_sensitivity,pattern_raw_cosine,151,0.47152317880794703,0.019482092922852533,0.2230409015333393,0.4569536423841061,0.026710723533717663,0.21952921334410955,,
freqquarterly__bins3__h4__seed42__pps1__regfull,results_ri_bins_sensitivity/quarterly/freqquarterly__bins3__h4__seed42__pps1__regfull,m3_quarterly,quarterly,4,24,"12,24,36",3,4,42,1,full,exp1_pattern_main,pattern_tsfel,151,0.5741721854304636,0.026694557486519464,0.26303410380307396,0.5584988962472407,0.03777481255672504,0.26373470673303695,,
freqquarterly__bins3__h4__seed42__pps1__regfull,results_ri_bins_sensitivity/quarterly/freqquarterly__bins3__h4__seed42__pps1__regfull,m3_quarterly,quarterly,4,24,"12,24,36",3,4,42,1,full,exp1_pattern_main,pattern_raw_cosine+pattern_tsfel,151,0.5741721854304636,0.026694557486519464,0.26303410380307396,0.5584988962472407,0.03777481255672504,0.26373470673303695,,
freqquarterly__bins3__h4__seed42__pps1__regfull,results_ri_bins_sensitivity/quarterly/freqquarterly__bins3__h4__seed42__pps1__regfull,m3_quarterly,quarterly,4,24,"12,24,36",3,4,42,1,full,exp1_pattern_main,pattern_raw_dtw,151,0.45827814569536424,0.01934673632667818,0.21819311097812452,0.44856512141280364,0.026592681819406515,0.217654196636502,,
freqquarterly__bins3__h4__seed42__pps1__regfull,results_ri_bins_sensitivity/quarterly/freqquarterly__bins3__h4__seed42__pps1__regfull,m3_quarterly,quarterly,4,24,"12,24,36",3,4,42,1,full,exp1_pattern_main,pattern_raw_cosine,151,0.4423841059602648,0.018605284105950727,0.20744313927110267,0.42693156732891835,0.025051828026728073,0.20370191037597432,,
freqquarterly__bins3__h4__seed42__pps1__regfull,results_ri_bins_sensitivity/quarterly/freqquarterly__bins3__h4__seed42__pps1__regfull,m3_quarterly,quarterly,4,24,"12,24,36",3,4,42,1,full,exp1_pattern_main,random,151,0.35165562913907283,0.01101860197554642,0.12850202474436354,0.35143487858719646,0.015279460334484926,0.1342510135889982,,
freqquarterly__bins3__h4__seed42__pps1__regfull,results_ri_bins_sensitivity/quarterly/freqquarterly__bins3__h4__seed42__pps1__regfull,m3_quarterly,quarterly,4,24,"12,24,36",3,4,42,1,full,exp2_whole_vs_pattern,raw_cosine,151,0.4344370860927152,0.017136559026122152,0.2085526869704413,0.42339955849889627,0.023366957641065212,0.20552885728947135,cosine,whole-series
freqquarterly__bins3__h4__seed42__pps1__regfull,results_ri_bins_sensitivity/quarterly/freqquarterly__bins3__h4__seed42__pps1__regfull,m3_quarterly,quarterly,4,24,"12,24,36",3,4,42,1,full,exp2_whole_vs_pattern,pattern_raw_cosine,151,0.4423841059602648,0.018605284105950727,0.20744313927110267,0.42693156732891835,0.025051828026728073,0.20370191037597432,cosine,pattern
freqquarterly__bins3__h4__seed42__pps1__regfull,results_ri_bins_sensitivity/quarterly/freqquarterly__bins3__h4__seed42__pps1__regfull,m3_quarterly,quarterly,4,24,"12,24,36",3,4,42,1,full,exp2_whole_vs_pattern,raw_dtw,151,0.44834437086092715,0.018168438020718304,0.21581047596528902,0.4335540838852097,0.024518533127668184,0.21388620562287314,dtw,whole-series
freqquarterly__bins3__h4__seed42__pps1__regfull,results_ri_bins_sensitivity/quarterly/freqquarterly__bins3__h4__seed42__pps1__regfull,m3_quarterly,quarterly,4,24,"12,24,36",3,4,42,1,full,exp2_whole_vs_pattern,pattern_raw_dtw,151,0.45827814569536424,0.01934673632667818,0.21819311097812452,0.44856512141280364,0.026592681819406515,0.217654196636502,dtw,pattern
freqquarterly__bins3__h4__seed42__pps1__regfull,results_ri_bins_sensitivity/quarterly/freqquarterly__bins3__h4__seed42__pps1__regfull,m3_quarterly,quarterly,4,24,"12,24,36",3,4,42,1,full,exp2_whole_vs_pattern,tsfel,151,0.5496688741721855,0.024684724513893253,0.2665347109360115,0.5509933774834437,0.035640240174650284,0.2670498201024508,tsfel,whole-series
freqquarterly__bins3__h4__seed42__pps1__regfull,results_ri_bins_sensitivity/quarterly/freqquarterly__bins3__h4__seed42__pps1__regfull,m3_quarterly,quarterly,4,24,"12,24,36",3,4,42,1,full,exp2_whole_vs_pattern,pattern_tsfel,151,0.5741721854304636,0.026694557486519464,0.26303410380307396,0.5584988962472407,0.03777481255672504,0.26373470673303695,tsfel,pattern
freqquarterly__bins3__h4__seed42__pps1__regfull,results_ri_bins_sensitivity/quarterly/freqquarterly__bins3__h4__seed42__pps1__regfull,m3_quarterly,quarterly,4,24,"12,24,36",3,4,42,1,full,exp3_retrieval_ablation,random,151,0.35165562913907283,0.01101860197554642,0.12850202474436354,0.35143487858719646,0.015279460334484926,0.1342510135889982,,random
freqquarterly__bins3__h4__seed42__pps1__regfull,results_ri_bins_sensitivity/quarterly/freqquarterly__bins3__h4__seed42__pps1__regfull,m3_quarterly,quarterly,4,24,"12,24,36",3,4,42,1,full,exp3_retrieval_ablation,pattern_tsfel,151,0.5741721854304636,0.026694557486519464,0.26303410380307396,0.5584988962472407,0.03777481255672504,0.26373470673303695,,best_content_baseline
freqquarterly__bins3__h4__seed42__pps1__regfull,results_ri_bins_sensitivity/quarterly/freqquarterly__bins3__h4__seed42__pps1__regfull,m3_quarterly,quarterly,4,12,"12,24,36",3,4,42,1,full,exp4_pattern_length_sensitivity,pattern_tsfel,151,0.5754966887417219,0.027034371813844625,0.27141882278271506,0.5637969094922737,0.037708059047352714,0.27284641549691374,,
freqquarterly__bins3__h4__seed42__pps1__regfull,results_ri_bins_sensitivity/quarterly/freqquarterly__bins3__h4__seed42__pps1__regfull,m3_quarterly,quarterly,4,12,"12,24,36",3,4,42,1,full,exp4_pattern_length_sensitivity,pattern_raw_dtw,151,0.433112582781457,0.01734973736209673,0.2089272012956185,0.43796909492273733,0.024081544870779566,0.2121925345743466,,
freqquarterly__bins3__h4__seed42__pps1__regfull,results_ri_bins_sensitivity/quarterly/freqquarterly__bins3__h4__seed42__pps1__regfull,m3_quarterly,quarterly,4,12,"12,24,36",3,4,42,1,full,exp4_pattern_length_sensitivity,pattern_raw_cosine,151,0.4298013245033113,0.016812929090944874,0.20363503986927778,0.4233995584988963,0.02304287923706483,0.2046296263861913,,
freqquarterly__bins3__h4__seed42__pps1__regfull,results_ri_bins_sensitivity/quarterly/freqquarterly__bins3__h4__seed42__pps1__regfull,m3_quarterly,quarterly,4,24,"12,24,36",3,4,42,1,full,exp4_pattern_length_sensitivity,pattern_tsfel,151,0.5741721854304636,0.026694557486519464,0.26303410380307396,0.5584988962472407,0.03777481255672504,0.26373470673303695,,
freqquarterly__bins3__h4__seed42__pps1__regfull,results_ri_bins_sensitivity/quarterly/freqquarterly__bins3__h4__seed42__pps1__regfull,m3_quarterly,quarterly,4,24,"12,24,36",3,4,42,1,full,exp4_pattern_length_sensitivity,pattern_raw_dtw,151,0.45827814569536424,0.01934673632667818,0.21819311097812452,0.44856512141280364,0.026592681819406515,0.217654196636502,,
freqquarterly__bins3__h4__seed42__pps1__regfull,results_ri_bins_sensitivity/quarterly/freqquarterly__bins3__h4__seed42__pps1__regfull,m3_quarterly,quarterly,4,24,"12,24,36",3,4,42,1,full,exp4_pattern_length_sensitivity,pattern_raw_cosine,151,0.4423841059602648,0.018605284105950727,0.20744313927110267,0.42693156732891835,0.025051828026728073,0.20370191037597432,,
freqquarterly__bins3__h4__seed42__pps1__regfull,results_ri_bins_sensitivity/quarterly/freqquarterly__bins3__h4__seed42__pps1__regfull,m3_quarterly,quarterly,4,36,"12,24,36",3,4,42,1,full,exp4_pattern_length_sensitivity,pattern_tsfel,151,0.5880794701986755,0.028066022949464718,0.2787620485435061,0.5805739514348786,0.03959737918744459,0.27414112769198007,,
freqquarterly__bins3__h4__seed42__pps1__regfull,results_ri_bins_sensitivity/quarterly/freqquarterly__bins3__h4__seed42__pps1__regfull,m3_quarterly,quarterly,4,36,"12,24,36",3,4,42,1,full,exp4_pattern_length_sensitivity,pattern_raw_dtw,151,0.47880794701986745,0.020019416003771797,0.22987920653820695,0.4631346578366446,0.027417648588590485,0.22353351674440153,,
freqquarterly__bins3__h4__seed42__pps1__regfull,results_ri_bins_sensitivity/quarterly/freqquarterly__bins3__h4__seed42__pps1__regfull,m3_quarterly,quarterly,4,36,"12,24,36",3,4,42,1,full,exp4_pattern_length_sensitivity,pattern_raw_cosine,151,0.46688741721854304,0.01962470296373526,0.2260503580511596,0.4481236203090508,0.026554767451682303,0.21760262979509196,,
freqquarterly__bins3__h8__seed42__pps1__regfull,results_ri_bins_sensitivity/quarterly/freqquarterly__bins3__h8__seed42__pps1__regfull,m3_quarterly,quarterly,4,24,"12,24,36",3,8,42,1,full,exp1_pattern_main,pattern_raw_cosine+pattern_tsfel,151,0.566887417218543,0.026410446089163337,0.2713019033237863,0.5660044150110375,0.03788474810930954,0.27165458855783015,,
freqquarterly__bins3__h8__seed42__pps1__regfull,results_ri_bins_sensitivity/quarterly/freqquarterly__bins3__h8__seed42__pps1__regfull,m3_quarterly,quarterly,4,24,"12,24,36",3,8,42,1,full,exp1_pattern_main,pattern_tsfel,151,0.5701986754966887,0.026216468864465783,0.2673094784386866,0.5779249448123621,0.038288459347161366,0.2724546947004991,,
freqquarterly__bins3__h8__seed42__pps1__regfull,results_ri_bins_sensitivity/quarterly/freqquarterly__bins3__h8__seed42__pps1__regfull,m3_quarterly,quarterly,4,24,"12,24,36",3,8,42,1,full,exp1_pattern_main,pattern_raw_dtw,151,0.43841059602649,0.017769738186284276,0.20106670934426604,0.43222958057395144,0.02459205375396287,0.19945640753667118,,
freqquarterly__bins3__h8__seed42__pps1__regfull,results_ri_bins_sensitivity/quarterly/freqquarterly__bins3__h8__seed42__pps1__regfull,m3_quarterly,quarterly,4,24,"12,24,36",3,8,42,1,full,exp1_pattern_main,pattern_raw_cosine,151,0.4086092715231789,0.016600700525607946,0.1941551956246306,0.4128035320088301,0.02314299476062613,0.19827648673685008,,
freqquarterly__bins3__h8__seed42__pps1__regfull,results_ri_bins_sensitivity/quarterly/freqquarterly__bins3__h8__seed42__pps1__regfull,m3_quarterly,quarterly,4,24,"12,24,36",3,8,42,1,full,exp1_pattern_main,random,151,0.3536423841059602,0.011169313412039625,0.1447973074271194,0.3523178807947019,0.015387554322649941,0.14755498815895354,,
freqquarterly__bins3__h8__seed42__pps1__regfull,results_ri_bins_sensitivity/quarterly/freqquarterly__bins3__h8__seed42__pps1__regfull,m3_quarterly,quarterly,4,24,"12,24,36",3,8,42,1,full,exp2_whole_vs_pattern,raw_cosine,151,0.41589403973509936,0.01729498851242608,0.2088620793228491,0.40618101545253865,0.023113208354116056,0.20152967221365245,cosine,whole-series
freqquarterly__bins3__h8__seed42__pps1__regfull,results_ri_bins_sensitivity/quarterly/freqquarterly__bins3__h8__seed42__pps1__regfull,m3_quarterly,quarterly,4,24,"12,24,36",3,8,42,1,full,exp2_whole_vs_pattern,pattern_raw_cosine,151,0.4086092715231789,0.016600700525607946,0.1941551956246306,0.4128035320088301,0.02314299476062613,0.19827648673685008,cosine,pattern
freqquarterly__bins3__h8__seed42__pps1__regfull,results_ri_bins_sensitivity/quarterly/freqquarterly__bins3__h8__seed42__pps1__regfull,m3_quarterly,quarterly,4,24,"12,24,36",3,8,42,1,full,exp2_whole_vs_pattern,raw_dtw,151,0.45165562913907276,0.018535635833851257,0.20867708417944125,0.4432671081677704,0.025032478655935227,0.2083684392483151,dtw,whole-series
freqquarterly__bins3__h8__seed42__pps1__regfull,results_ri_bins_sensitivity/quarterly/freqquarterly__bins3__h8__seed42__pps1__regfull,m3_quarterly,quarterly,4,24,"12,24,36",3,8,42,1,full,exp2_whole_vs_pattern,pattern_raw_dtw,151,0.43841059602649,0.017769738186284276,0.20106670934426604,0.43222958057395144,0.02459205375396287,0.19945640753667118,dtw,pattern
freqquarterly__bins3__h8__seed42__pps1__regfull,results_ri_bins_sensitivity/quarterly/freqquarterly__bins3__h8__seed42__pps1__regfull,m3_quarterly,quarterly,4,24,"12,24,36",3,8,42,1,full,exp2_whole_vs_pattern,tsfel,151,0.5463576158940397,0.024994188296608013,0.2629763349009077,0.5271523178807946,0.034439166735731386,0.26025940406635756,tsfel,whole-series
freqquarterly__bins3__h8__seed42__pps1__regfull,results_ri_bins_sensitivity/quarterly/freqquarterly__bins3__h8__seed42__pps1__regfull,m3_quarterly,quarterly,4,24,"12,24,36",3,8,42,1,full,exp2_whole_vs_pattern,pattern_tsfel,151,0.5701986754966887,0.026216468864465783,0.2673094784386866,0.5779249448123621,0.038288459347161366,0.2724546947004991,tsfel,pattern
freqquarterly__bins3__h8__seed42__pps1__regfull,results_ri_bins_sensitivity/quarterly/freqquarterly__bins3__h8__seed42__pps1__regfull,m3_quarterly,quarterly,4,24,"12,24,36",3,8,42,1,full,exp3_retrieval_ablation,random,151,0.3536423841059602,0.011169313412039625,0.1447973074271194,0.3523178807947019,0.015387554322649941,0.14755498815895354,,random
freqquarterly__bins3__h8__seed42__pps1__regfull,results_ri_bins_sensitivity/quarterly/freqquarterly__bins3__h8__seed42__pps1__regfull,m3_quarterly,quarterly,4,24,"12,24,36",3,8,42,1,full,exp3_retrieval_ablation,pattern_raw_cosine+pattern_tsfel,151,0.566887417218543,0.026410446089163337,0.2713019033237863,0.5660044150110375,0.03788474810930954,0.27165458855783015,,best_content_baseline
freqquarterly__bins3__h8__seed42__pps1__regfull,results_ri_bins_sensitivity/quarterly/freqquarterly__bins3__h8__seed42__pps1__regfull,m3_quarterly,quarterly,4,12,"12,24,36",3,8,42,1,full,exp4_pattern_length_sensitivity,pattern_tsfel,151,0.5754966887417219,0.027034371813844625,0.27141882278271506,0.5637969094922737,0.037708059047352714,0.27284641549691374,,
freqquarterly__bins3__h8__seed42__pps1__regfull,results_ri_bins_sensitivity/quarterly/freqquarterly__bins3__h8__seed42__pps1__regfull,m3_quarterly,quarterly,4,12,"12,24,36",3,8,42,1,full,exp4_pattern_length_sensitivity,pattern_raw_dtw,151,0.433112582781457,0.01734973736209673,0.2089272012956185,0.43796909492273733,0.024081544870779566,0.2121925345743466,,
freqquarterly__bins3__h8__seed42__pps1__regfull,results_ri_bins_sensitivity/quarterly/freqquarterly__bins3__h8__seed42__pps1__regfull,m3_quarterly,quarterly,4,12,"12,24,36",3,8,42,1,full,exp4_pattern_length_sensitivity,pattern_raw_cosine,151,0.4298013245033113,0.016812929090944874,0.20363503986927778,0.4233995584988963,0.02304287923706483,0.2046296263861913,,
freqquarterly__bins3__h8__seed42__pps1__regfull,results_ri_bins_sensitivity/quarterly/freqquarterly__bins3__h8__seed42__pps1__regfull,m3_quarterly,quarterly,4,24,"12,24,36",3,8,42,1,full,exp4_pattern_length_sensitivity,pattern_tsfel,151,0.5701986754966887,0.026216468864465783,0.2673094784386866,0.5779249448123621,0.038288459347161366,0.2724546947004991,,
freqquarterly__bins3__h8__seed42__pps1__regfull,results_ri_bins_sensitivity/quarterly/freqquarterly__bins3__h8__seed42__pps1__regfull,m3_quarterly,quarterly,4,24,"12,24,36",3,8,42,1,full,exp4_pattern_length_sensitivity,pattern_raw_dtw,151,0.43841059602649,0.017769738186284276,0.20106670934426604,0.43222958057395144,0.02459205375396287,0.19945640753667118,,
freqquarterly__bins3__h8__seed42__pps1__regfull,results_ri_bins_sensitivity/quarterly/freqquarterly__bins3__h8__seed42__pps1__regfull,m3_quarterly,quarterly,4,24,"12,24,36",3,8,42,1,full,exp4_pattern_length_sensitivity,pattern_raw_cosine,151,0.4086092715231789,0.016600700525607946,0.1941551956246306,0.4128035320088301,0.02314299476062613,0.19827648673685008,,
freqquarterly__bins3__h8__seed42__pps1__regfull,results_ri_bins_sensitivity/quarterly/freqquarterly__bins3__h8__seed42__pps1__regfull,m3_quarterly,quarterly,4,36,"12,24,36",3,8,42,1,full,exp4_pattern_length_sensitivity,pattern_tsfel,151,0.5496688741721855,0.024948649770126227,0.2555573370276621,0.5554083885209714,0.036316629504985244,0.2568432995884216,,
freqquarterly__bins3__h8__seed42__pps1__regfull,results_ri_bins_sensitivity/quarterly/freqquarterly__bins3__h8__seed42__pps1__regfull,m3_quarterly,quarterly,4,36,"12,24,36",3,8,42,1,full,exp4_pattern_length_sensitivity,pattern_raw_cosine,151,0.4549668874172186,0.019194620702369408,0.19264735083531945,0.44326710816777043,0.0262007131519417,0.1928612858702533,,
freqquarterly__bins3__h8__seed42__pps1__regfull,results_ri_bins_sensitivity/quarterly/freqquarterly__bins3__h8__seed42__pps1__regfull,m3_quarterly,quarterly,4,36,"12,24,36",3,8,42,1,full,exp4_pattern_length_sensitivity,pattern_raw_dtw,151,0.4503311258278146,0.018097182869230035,0.18957605640606218,0.45386313465783673,0.025847863280395216,0.19312877518823154,,
freqquarterly__bins4__h2__seed42__pps1__regfull,results_ri_bins_sensitivity/quarterly/freqquarterly__bins4__h2__seed42__pps1__regfull,m3_quarterly,quarterly,4,24,"12,24,36",4,2,42,1,full,exp1_pattern_main,pattern_raw_cosine+pattern_tsfel,151,0.4503311258278146,0.025683125262280546,0.22222658997997546,0.4357615894039736,0.0350029179488196,0.22148124237930267,,
freqquarterly__bins4__h2__seed42__pps1__regfull,results_ri_bins_sensitivity/quarterly/freqquarterly__bins4__h2__seed42__pps1__regfull,m3_quarterly,quarterly,4,24,"12,24,36",4,2,42,1,full,exp1_pattern_main,pattern_tsfel,151,0.45496688741721847,0.025859365021841017,0.21939457429535844,0.44326710816777043,0.03560583103017229,0.2213236479495638,,
freqquarterly__bins4__h2__seed42__pps1__regfull,results_ri_bins_sensitivity/quarterly/freqquarterly__bins4__h2__seed42__pps1__regfull,m3_quarterly,quarterly,4,24,"12,24,36",4,2,42,1,full,exp1_pattern_main,pattern_raw_dtw,151,0.3596026490066225,0.01887522199832085,0.17485704953789627,0.3562913907284768,0.02565114844561401,0.17832056312381353,,
freqquarterly__bins4__h2__seed42__pps1__regfull,results_ri_bins_sensitivity/quarterly/freqquarterly__bins4__h2__seed42__pps1__regfull,m3_quarterly,quarterly,4,24,"12,24,36",4,2,42,1,full,exp1_pattern_main,pattern_raw_cosine,151,0.3350993377483444,0.017023098129620478,0.16630320262649642,0.34481236203090504,0.02394524840767164,0.17054384130167594,,
freqquarterly__bins4__h2__seed42__pps1__regfull,results_ri_bins_sensitivity/quarterly/freqquarterly__bins4__h2__seed42__pps1__regfull,m3_quarterly,quarterly,4,24,"12,24,36",4,2,42,1,full,exp1_pattern_main,random,151,0.2589403973509934,0.009655095400548243,0.11433837308095311,0.260485651214128,0.01288418423541368,0.12053244797096714,,
freqquarterly__bins4__h2__seed42__pps1__regfull,results_ri_bins_sensitivity/quarterly/freqquarterly__bins4__h2__seed42__pps1__regfull,m3_quarterly,quarterly,4,24,"12,24,36",4,2,42,1,full,exp2_whole_vs_pattern,raw_cosine,151,0.36490066225165557,0.018742069928598528,0.18814104212990324,0.3461368653421633,0.02428843865000817,0.1815105403039445,cosine,whole-series
freqquarterly__bins4__h2__seed42__pps1__regfull,results_ri_bins_sensitivity/quarterly/freqquarterly__bins4__h2__seed42__pps1__regfull,m3_quarterly,quarterly,4,24,"12,24,36",4,2,42,1,full,exp2_whole_vs_pattern,pattern_raw_cosine,151,0.3350993377483444,0.017023098129620478,0.16630320262649642,0.34481236203090504,0.02394524840767164,0.17054384130167594,cosine,pattern
freqquarterly__bins4__h2__seed42__pps1__regfull,results_ri_bins_sensitivity/quarterly/freqquarterly__bins4__h2__seed42__pps1__regfull,m3_quarterly,quarterly,4,24,"12,24,36",4,2,42,1,full,exp2_whole_vs_pattern,raw_dtw,151,0.3562913907284768,0.018731903793567574,0.1802498320689609,0.35055187637969093,0.024696561477070222,0.17861355324121428,dtw,whole-series
freqquarterly__bins4__h2__seed42__pps1__regfull,results_ri_bins_sensitivity/quarterly/freqquarterly__bins4__h2__seed42__pps1__regfull,m3_quarterly,quarterly,4,24,"12,24,36",4,2,42,1,full,exp2_whole_vs_pattern,pattern_raw_dtw,151,0.3596026490066225,0.01887522199832085,0.17485704953789627,0.3562913907284768,0.02565114844561401,0.17832056312381353,dtw,pattern
freqquarterly__bins4__h2__seed42__pps1__regfull,results_ri_bins_sensitivity/quarterly/freqquarterly__bins4__h2__seed42__pps1__regfull,m3_quarterly,quarterly,4,24,"12,24,36",4,2,42,1,full,exp2_whole_vs_pattern,tsfel,151,0.44569536423841066,0.025283619041941773,0.21498510115963101,0.4406181015452538,0.03489963381879573,0.21859204330441986,tsfel,whole-series
freqquarterly__bins4__h2__seed42__pps1__regfull,results_ri_bins_sensitivity/quarterly/freqquarterly__bins4__h2__seed42__pps1__regfull,m3_quarterly,quarterly,4,24,"12,24,36",4,2,42,1,full,exp2_whole_vs_pattern,pattern_tsfel,151,0.45496688741721847,0.025859365021841017,0.21939457429535844,0.44326710816777043,0.03560583103017229,0.2213236479495638,tsfel,pattern
freqquarterly__bins4__h2__seed42__pps1__regfull,results_ri_bins_sensitivity/quarterly/freqquarterly__bins4__h2__seed42__pps1__regfull,m3_quarterly,quarterly,4,24,"12,24,36",4,2,42,1,full,exp3_retrieval_ablation,random,151,0.2589403973509934,0.009655095400548243,0.11433837308095311,0.260485651214128,0.01288418423541368,0.12053244797096714,,random
freqquarterly__bins4__h2__seed42__pps1__regfull,results_ri_bins_sensitivity/quarterly/freqquarterly__bins4__h2__seed42__pps1__regfull,m3_quarterly,quarterly,4,24,"12,24,36",4,2,42,1,full,exp3_retrieval_ablation,pattern_raw_cosine+pattern_tsfel,151,0.4503311258278146,0.025683125262280546,0.22222658997997546,0.4357615894039736,0.0350029179488196,0.22148124237930267,,best_content_baseline
freqquarterly__bins4__h2__seed42__pps1__regfull,results_ri_bins_sensitivity/quarterly/freqquarterly__bins4__h2__seed42__pps1__regfull,m3_quarterly,quarterly,4,12,"12,24,36",4,2,42,1,full,exp4_pattern_length_sensitivity,pattern_tsfel,151,0.43708609271523186,0.02485269952298111,0.2119309968268046,0.4317880794701986,0.034678761686046874,0.21842251120928013,,
freqquarterly__bins4__h2__seed42__pps1__regfull,results_ri_bins_sensitivity/quarterly/freqquarterly__bins4__h2__seed42__pps1__regfull,m3_quarterly,quarterly,4,12,"12,24,36",4,2,42,1,full,exp4_pattern_length_sensitivity,pattern_raw_cosine,151,0.3655629139072848,0.01941713707148846,0.1793878032674787,0.34481236203090504,0.024966144706028915,0.1770078991300947,,
freqquarterly__bins4__h2__seed42__pps1__regfull,results_ri_bins_sensitivity/quarterly/freqquarterly__bins4__h2__seed42__pps1__regfull,m3_quarterly,quarterly,4,12,"12,24,36",4,2,42,1,full,exp4_pattern_length_sensitivity,pattern_raw_dtw,151,0.37284768211920527,0.019512620016998793,0.17894935685513846,0.36026490066225164,0.02613101259261113,0.1810056939408804,,
freqquarterly__bins4__h2__seed42__pps1__regfull,results_ri_bins_sensitivity/quarterly/freqquarterly__bins4__h2__seed42__pps1__regfull,m3_quarterly,quarterly,4,24,"12,24,36",4,2,42,1,full,exp4_pattern_length_sensitivity,pattern_tsfel,151,0.45496688741721847,0.025859365021841017,0.21939457429535844,0.44326710816777043,0.03560583103017229,0.2213236479495638,,
freqquarterly__bins4__h2__seed42__pps1__regfull,results_ri_bins_sensitivity/quarterly/freqquarterly__bins4__h2__seed42__pps1__regfull,m3_quarterly,quarterly,4,24,"12,24,36",4,2,42,1,full,exp4_pattern_length_sensitivity,pattern_raw_dtw,151,0.3596026490066225,0.01887522199832085,0.17485704953789627,0.3562913907284768,0.02565114844561401,0.17832056312381353,,
freqquarterly__bins4__h2__seed42__pps1__regfull,results_ri_bins_sensitivity/quarterly/freqquarterly__bins4__h2__seed42__pps1__regfull,m3_quarterly,quarterly,4,24,"12,24,36",4,2,42,1,full,exp4_pattern_length_sensitivity,pattern_raw_cosine,151,0.3350993377483444,0.017023098129620478,0.16630320262649642,0.34481236203090504,0.02394524840767164,0.17054384130167594,,
freqquarterly__bins4__h2__seed42__pps1__regfull,results_ri_bins_sensitivity/quarterly/freqquarterly__bins4__h2__seed42__pps1__regfull,m3_quarterly,quarterly,4,36,"12,24,36",4,2,42,1,full,exp4_pattern_length_sensitivity,pattern_tsfel,151,0.4841059602649006,0.028647984369810576,0.2446894481606142,0.47858719646799125,0.04001433009130224,0.2433684274344566,,
freqquarterly__bins4__h2__seed42__pps1__regfull,results_ri_bins_sensitivity/quarterly/freqquarterly__bins4__h2__seed42__pps1__regfull,m3_quarterly,quarterly,4,36,"12,24,36",4,2,42,1,full,exp4_pattern_length_sensitivity,pattern_raw_dtw,151,0.3695364238410596,0.019086165927160195,0.18447564100461666,0.3602649006622517,0.02574602279496936,0.18350367234726686,,
freqquarterly__bins4__h2__seed42__pps1__regfull,results_ri_bins_sensitivity/quarterly/freqquarterly__bins4__h2__seed42__pps1__regfull,m3_quarterly,quarterly,4,36,"12,24,36",4,2,42,1,full,exp4_pattern_length_sensitivity,pattern_raw_cosine,151,0.3629139072847682,0.017777256279475045,0.18274331156123064,0.341280353200883,0.023270008557142022,0.1785896041827365,,
freqquarterly__bins4__h4__seed42__pps1__regfull,results_ri_bins_sensitivity/quarterly/freqquarterly__bins4__h4__seed42__pps1__regfull,m3_quarterly,quarterly,4,24,"12,24,36",4,4,42,1,full,exp1_pattern_main,pattern_tsfel,151,0.4403973509933774,0.025453929202865617,0.19661212708334125,0.4384105960264901,0.0358079324254654,0.20270755131368406,,
freqquarterly__bins4__h4__seed42__pps1__regfull,results_ri_bins_sensitivity/quarterly/freqquarterly__bins4__h4__seed42__pps1__regfull,m3_quarterly,quarterly,4,24,"12,24,36",4,4,42,1,full,exp1_pattern_main,pattern_raw_cosine+pattern_tsfel,151,0.4403973509933774,0.025453929202865617,0.19661212708334125,0.4384105960264901,0.0358079324254654,0.20270755131368406,,
freqquarterly__bins4__h4__seed42__pps1__regfull,results_ri_bins_sensitivity/quarterly/freqquarterly__bins4__h4__seed42__pps1__regfull,m3_quarterly,quarterly,4,24,"12,24,36",4,4,42,1,full,exp1_pattern_main,pattern_raw_dtw,151,0.3443708609271523,0.017943819372799232,0.17019359641033058,0.3275938189845475,0.023502994672735707,0.16983047915174446,,
freqquarterly__bins4__h4__seed42__pps1__regfull,results_ri_bins_sensitivity/quarterly/freqquarterly__bins4__h4__seed42__pps1__regfull,m3_quarterly,quarterly,4,24,"12,24,36",4,4,42,1,full,exp1_pattern_main,pattern_raw_cosine,151,0.3423841059602649,0.016838177693461725,0.16268774206296802,0.32406181015452534,0.021986500450789558,0.1614755343810669,,
freqquarterly__bins4__h4__seed42__pps1__regfull,results_ri_bins_sensitivity/quarterly/freqquarterly__bins4__h4__seed42__pps1__regfull,m3_quarterly,quarterly,4,24,"12,24,36",4,4,42,1,full,exp1_pattern_main,random,151,0.2503311258278145,0.009465297172157107,0.09249155724931415,0.25783664459161143,0.012854604770907224,0.10252896046715042,,
freqquarterly__bins4__h4__seed42__pps1__regfull,results_ri_bins_sensitivity/quarterly/freqquarterly__bins4__h4__seed42__pps1__regfull,m3_quarterly,quarterly,4,24,"12,24,36",4,4,42,1,full,exp2_whole_vs_pattern,raw_cosine,151,0.34172185430463575,0.017004881553880302,0.1730879000339926,0.3267108167770419,0.021957631183808838,0.16981798475616086,cosine,whole-series
freqquarterly__bins4__h4__seed42__pps1__regfull,results_ri_bins_sensitivity/quarterly/freqquarterly__bins4__h4__seed42__pps1__regfull,m3_quarterly,quarterly,4,24,"12,24,36",4,4,42,1,full,exp2_whole_vs_pattern,pattern_raw_cosine,151,0.3423841059602649,0.016838177693461725,0.16268774206296802,0.32406181015452534,0.021986500450789558,0.1614755343810669,cosine,pattern
freqquarterly__bins4__h4__seed42__pps1__regfull,results_ri_bins_sensitivity/quarterly/freqquarterly__bins4__h4__seed42__pps1__regfull,m3_quarterly,quarterly,4,24,"12,24,36",4,4,42,1,full,exp2_whole_vs_pattern,raw_dtw,151,0.35231788079470194,0.01789286474187065,0.17461503485142013,0.33951434878587194,0.023270773402647462,0.17181420895678365,dtw,whole-series
freqquarterly__bins4__h4__seed42__pps1__regfull,results_ri_bins_sensitivity/quarterly/freqquarterly__bins4__h4__seed42__pps1__regfull,m3_quarterly,quarterly,4,24,"12,24,36",4,4,42,1,full,exp2_whole_vs_pattern,pattern_raw_dtw,151,0.3443708609271523,0.017943819372799232,0.17019359641033058,0.3275938189845475,0.023502994672735707,0.16983047915174446,dtw,pattern
freqquarterly__bins4__h4__seed42__pps1__regfull,results_ri_bins_sensitivity/quarterly/freqquarterly__bins4__h4__seed42__pps1__regfull,m3_quarterly,quarterly,4,24,"12,24,36",4,4,42,1,full,exp2_whole_vs_pattern,tsfel,151,0.4470198675496689,0.02501771429223776,0.21811207980076106,0.44635761589403977,0.035059948573018244,0.21970803482178036,tsfel,whole-series
freqquarterly__bins4__h4__seed42__pps1__regfull,results_ri_bins_sensitivity/quarterly/freqquarterly__bins4__h4__seed42__pps1__regfull,m3_quarterly,quarterly,4,24,"12,24,36",4,4,42,1,full,exp2_whole_vs_pattern,pattern_tsfel,151,0.4403973509933774,0.025453929202865617,0.19661212708334125,0.4384105960264901,0.0358079324254654,0.20270755131368406,tsfel,pattern
freqquarterly__bins4__h4__seed42__pps1__regfull,results_ri_bins_sensitivity/quarterly/freqquarterly__bins4__h4__seed42__pps1__regfull,m3_quarterly,quarterly,4,24,"12,24,36",4,4,42,1,full,exp3_retrieval_ablation,random,151,0.2503311258278145,0.009465297172157107,0.09249155724931415,0.25783664459161143,0.012854604770907224,0.10252896046715042,,random
freqquarterly__bins4__h4__seed42__pps1__regfull,results_ri_bins_sensitivity/quarterly/freqquarterly__bins4__h4__seed42__pps1__regfull,m3_quarterly,quarterly,4,24,"12,24,36",4,4,42,1,full,exp3_retrieval_ablation,pattern_tsfel,151,0.4403973509933774,0.025453929202865617,0.19661212708334125,0.4384105960264901,0.0358079324254654,0.20270755131368406,,best_content_baseline
freqquarterly__bins4__h4__seed42__pps1__regfull,results_ri_bins_sensitivity/quarterly/freqquarterly__bins4__h4__seed42__pps1__regfull,m3_quarterly,quarterly,4,12,"12,24,36",4,4,42,1,full,exp4_pattern_length_sensitivity,pattern_tsfel,151,0.46423841059602644,0.02689936075569576,0.2300703330523812,0.4600441501103753,0.037201655183567765,0.2345651092515299,,
freqquarterly__bins4__h4__seed42__pps1__regfull,results_ri_bins_sensitivity/quarterly/freqquarterly__bins4__h4__seed42__pps1__regfull,m3_quarterly,quarterly,4,12,"12,24,36",4,4,42,1,full,exp4_pattern_length_sensitivity,pattern_raw_cosine,151,0.3556291390728477,0.017223374054886192,0.17639576531036974,0.34348785871964677,0.02272740483602512,0.17827399005983188,,
freqquarterly__bins4__h4__seed42__pps1__regfull,results_ri_bins_sensitivity/quarterly/freqquarterly__bins4__h4__seed42__pps1__regfull,m3_quarterly,quarterly,4,12,"12,24,36",4,4,42,1,full,exp4_pattern_length_sensitivity,pattern_raw_dtw,151,0.3509933774834437,0.01720972100586758,0.1757617704598872,0.35055187637969093,0.023445005706758715,0.18135994237560124,,
freqquarterly__bins4__h4__seed42__pps1__regfull,results_ri_bins_sensitivity/quarterly/freqquarterly__bins4__h4__seed42__pps1__regfull,m3_quarterly,quarterly,4,24,"12,24,36",4,4,42,1,full,exp4_pattern_length_sensitivity,pattern_tsfel,151,0.4403973509933774,0.025453929202865617,0.19661212708334125,0.4384105960264901,0.0358079324254654,0.20270755131368406,,
freqquarterly__bins4__h4__seed42__pps1__regfull,results_ri_bins_sensitivity/quarterly/freqquarterly__bins4__h4__seed42__pps1__regfull,m3_quarterly,quarterly,4,24,"12,24,36",4,4,42,1,full,exp4_pattern_length_sensitivity,pattern_raw_dtw,151,0.3443708609271523,0.017943819372799232,0.17019359641033058,0.3275938189845475,0.023502994672735707,0.16983047915174446,,
freqquarterly__bins4__h4__seed42__pps1__regfull,results_ri_bins_sensitivity/quarterly/freqquarterly__bins4__h4__seed42__pps1__regfull,m3_quarterly,quarterly,4,24,"12,24,36",4,4,42,1,full,exp4_pattern_length_sensitivity,pattern_raw_cosine,151,0.3423841059602649,0.016838177693461725,0.16268774206296802,0.32406181015452534,0.021986500450789558,0.1614755343810669,,
freqquarterly__bins4__h4__seed42__pps1__regfull,results_ri_bins_sensitivity/quarterly/freqquarterly__bins4__h4__seed42__pps1__regfull,m3_quarterly,quarterly,4,36,"12,24,36",4,4,42,1,full,exp4_pattern_length_sensitivity,pattern_tsfel,151,0.47483443708609263,0.028114621338283435,0.22721783653639244,0.46225165562913906,0.038825412399433004,0.23039118557432842,,
freqquarterly__bins4__h4__seed42__pps1__regfull,results_ri_bins_sensitivity/quarterly/freqquarterly__bins4__h4__seed42__pps1__regfull,m3_quarterly,quarterly,4,36,"12,24,36",4,4,42,1,full,exp4_pattern_length_sensitivity,pattern_raw_cosine,151,0.3490066225165563,0.017732328427518918,0.17424216777964896,0.3280353200883002,0.02289136221502706,0.17259155138909252,,
freqquarterly__bins4__h4__seed42__pps1__regfull,results_ri_bins_sensitivity/quarterly/freqquarterly__bins4__h4__seed42__pps1__regfull,m3_quarterly,quarterly,4,36,"12,24,36",4,4,42,1,full,exp4_pattern_length_sensitivity,pattern_raw_dtw,151,0.35165562913907283,0.017416011073707466,0.17149281504950678,0.33818984547461367,0.023053206035041754,0.17125672524251817,,
freqquarterly__bins4__h8__seed42__pps1__regfull,results_ri_bins_sensitivity/quarterly/freqquarterly__bins4__h8__seed42__pps1__regfull,m3_quarterly,quarterly,4,24,"12,24,36",4,8,42,1,full,exp1_pattern_main,pattern_tsfel,151,0.4609271523178808,0.02636770612814374,0.21855984426561623,0.4573951434878588,0.03725397823852201,0.22397535679979033,,
freqquarterly__bins4__h8__seed42__pps1__regfull,results_ri_bins_sensitivity/quarterly/freqquarterly__bins4__h8__seed42__pps1__regfull,m3_quarterly,quarterly,4,24,"12,24,36",4,8,42,1,full,exp1_pattern_main,pattern_raw_cosine+pattern_tsfel,151,0.4609271523178808,0.02636770612814374,0.21855984426561623,0.4573951434878588,0.03725397823852201,0.22397535679979033,,
freqquarterly__bins4__h8__seed42__pps1__regfull,results_ri_bins_sensitivity/quarterly/freqquarterly__bins4__h8__seed42__pps1__regfull,m3_quarterly,quarterly,4,24,"12,24,36",4,8,42,1,full,exp1_pattern_main,pattern_raw_cosine,151,0.3211920529801324,0.016347596519550974,0.1523177591643151,0.3183222958057395,0.022004715839812367,0.1588801978445369,,
freqquarterly__bins4__h8__seed42__pps1__regfull,results_ri_bins_sensitivity/quarterly/freqquarterly__bins4__h8__seed42__pps1__regfull,m3_quarterly,quarterly,4,24,"12,24,36",4,8,42,1,full,exp1_pattern_main,pattern_raw_dtw,151,0.32913907284768207,0.016294517680963974,0.15127286525412123,0.32317880794701986,0.021976979631079526,0.1551156753399142,,
freqquarterly__bins4__h8__seed42__pps1__regfull,results_ri_bins_sensitivity/quarterly/freqquarterly__bins4__h8__seed42__pps1__regfull,m3_quarterly,quarterly,4,24,"12,24,36",4,8,42,1,full,exp1_pattern_main,random,151,0.2708609271523179,0.010399771823164485,0.1071181020549998,0.26490066225165554,0.013699597483344437,0.11058738138300546,,
freqquarterly__bins4__h8__seed42__pps1__regfull,results_ri_bins_sensitivity/quarterly/freqquarterly__bins4__h8__seed42__pps1__regfull,m3_quarterly,quarterly,4,24,"12,24,36",4,8,42,1,full,exp2_whole_vs_pattern,raw_cosine,151,0.30596026490066225,0.01481386908422644,0.14098293328833655,0.2980132450331126,0.01946049369932005,0.142304245900299,cosine,whole-series
freqquarterly__bins4__h8__seed42__pps1__regfull,results_ri_bins_sensitivity/quarterly/freqquarterly__bins4__h8__seed42__pps1__regfull,m3_quarterly,quarterly,4,24,"12,24,36",4,8,42,1,full,exp2_whole_vs_pattern,pattern_raw_cosine,151,0.3211920529801324,0.016347596519550974,0.1523177591643151,0.3183222958057395,0.022004715839812367,0.1588801978445369,cosine,pattern
freqquarterly__bins4__h8__seed42__pps1__regfull,results_ri_bins_sensitivity/quarterly/freqquarterly__bins4__h8__seed42__pps1__regfull,m3_quarterly,quarterly,4,24,"12,24,36",4,8,42,1,full,exp2_whole_vs_pattern,raw_dtw,151,0.3370860927152318,0.01599805860075509,0.14782484394840043,0.32406181015452534,0.021103486648242388,0.14954042741877105,dtw,whole-series
freqquarterly__bins4__h8__seed42__pps1__regfull,results_ri_bins_sensitivity/quarterly/freqquarterly__bins4__h8__seed42__pps1__regfull,m3_quarterly,quarterly,4,24,"12,24,36",4,8,42,1,full,exp2_whole_vs_pattern,pattern_raw_dtw,151,0.32913907284768207,0.016294517680963974,0.15127286525412123,0.32317880794701986,0.021976979631079526,0.1551156753399142,dtw,pattern
freqquarterly__bins4__h8__seed42__pps1__regfull,results_ri_bins_sensitivity/quarterly/freqquarterly__bins4__h8__seed42__pps1__regfull,m3_quarterly,quarterly,4,24,"12,24,36",4,8,42,1,full,exp2_whole_vs_pattern,tsfel,151,0.4251655629139072,0.023884999116467888,0.1900058463939234,0.41854304635761586,0.0326637189869209,0.19427990474192885,tsfel,whole-series
freqquarterly__bins4__h8__seed42__pps1__regfull,results_ri_bins_sensitivity/quarterly/freqquarterly__bins4__h8__seed42__pps1__regfull,m3_quarterly,quarterly,4,24,"12,24,36",4,8,42,1,full,exp2_whole_vs_pattern,pattern_tsfel,151,0.4609271523178808,0.02636770612814374,0.21855984426561623,0.4573951434878588,0.03725397823852201,0.22397535679979033,tsfel,pattern
freqquarterly__bins4__h8__seed42__pps1__regfull,results_ri_bins_sensitivity/quarterly/freqquarterly__bins4__h8__seed42__pps1__regfull,m3_quarterly,quarterly,4,24,"12,24,36",4,8,42,1,full,exp3_retrieval_ablation,random,151,0.2708609271523179,0.010399771823164485,0.1071181020549998,0.26490066225165554,0.013699597483344437,0.11058738138300546,,random
freqquarterly__bins4__h8__seed42__pps1__regfull,results_ri_bins_sensitivity/quarterly/freqquarterly__bins4__h8__seed42__pps1__regfull,m3_quarterly,quarterly,4,24,"12,24,36",4,8,42,1,full,exp3_retrieval_ablation,pattern_tsfel,151,0.4609271523178808,0.02636770612814374,0.21855984426561623,0.4573951434878588,0.03725397823852201,0.22397535679979033,,best_content_baseline
freqquarterly__bins4__h8__seed42__pps1__regfull,results_ri_bins_sensitivity/quarterly/freqquarterly__bins4__h8__seed42__pps1__regfull,m3_quarterly,quarterly,4,12,"12,24,36",4,8,42,1,full,exp4_pattern_length_sensitivity,pattern_tsfel,151,0.46423841059602644,0.02689936075569576,0.2300703330523812,0.4600441501103753,0.037201655183567765,0.2345651092515299,,
freqquarterly__bins4__h8__seed42__pps1__regfull,results_ri_bins_sensitivity/quarterly/freqquarterly__bins4__h8__seed42__pps1__regfull,m3_quarterly,quarterly,4,12,"12,24,36",4,8,42,1,full,exp4_pattern_length_sensitivity,pattern_raw_cosine,151,0.3556291390728477,0.017223374054886192,0.17639576531036974,0.34348785871964677,0.02272740483602512,0.17827399005983188,,
freqquarterly__bins4__h8__seed42__pps1__regfull,results_ri_bins_sensitivity/quarterly/freqquarterly__bins4__h8__seed42__pps1__regfull,m3_quarterly,quarterly,4,12,"12,24,36",4,8,42,1,full,exp4_pattern_length_sensitivity,pattern_raw_dtw,151,0.3509933774834437,0.01720972100586758,0.1757617704598872,0.35055187637969093,0.023445005706758715,0.18135994237560124,,
freqquarterly__bins4__h8__seed42__pps1__regfull,results_ri_bins_sensitivity/quarterly/freqquarterly__bins4__h8__seed42__pps1__regfull,m3_quarterly,quarterly,4,24,"12,24,36",4,8,42,1,full,exp4_pattern_length_sensitivity,pattern_tsfel,151,0.4609271523178808,0.02636770612814374,0.21855984426561623,0.4573951434878588,0.03725397823852201,0.22397535679979033,,
freqquarterly__bins4__h8__seed42__pps1__regfull,results_ri_bins_sensitivity/quarterly/freqquarterly__bins4__h8__seed42__pps1__regfull,m3_quarterly,quarterly,4,24,"12,24,36",4,8,42,1,full,exp4_pattern_length_sensitivity,pattern_raw_cosine,151,0.3211920529801324,0.016347596519550974,0.1523177591643151,0.3183222958057395,0.022004715839812367,0.1588801978445369,,
freqquarterly__bins4__h8__seed42__pps1__regfull,results_ri_bins_sensitivity/quarterly/freqquarterly__bins4__h8__seed42__pps1__regfull,m3_quarterly,quarterly,4,24,"12,24,36",4,8,42,1,full,exp4_pattern_length_sensitivity,pattern_raw_dtw,151,0.32913907284768207,0.016294517680963974,0.15127286525412123,0.32317880794701986,0.021976979631079526,0.1551156753399142,,
freqquarterly__bins4__h8__seed42__pps1__regfull,results_ri_bins_sensitivity/quarterly/freqquarterly__bins4__h8__seed42__pps1__regfull,m3_quarterly,quarterly,4,36,"12,24,36",4,8,42,1,full,exp4_pattern_length_sensitivity,pattern_tsfel,151,0.45364238410596025,0.02595397585719345,0.21317144183808415,0.45165562913907287,0.03630970604396713,0.2190426193569571,,
freqquarterly__bins4__h8__seed42__pps1__regfull,results_ri_bins_sensitivity/quarterly/freqquarterly__bins4__h8__seed42__pps1__regfull,m3_quarterly,quarterly,4,36,"12,24,36",4,8,42,1,full,exp4_pattern_length_sensitivity,pattern_raw_cosine,151,0.3443708609271523,0.018248707886664432,0.16555853425141837,0.33642384105960266,0.023987155294861714,0.16748618649733726,,
freqquarterly__bins4__h8__seed42__pps1__regfull,results_ri_bins_sensitivity/quarterly/freqquarterly__bins4__h8__seed42__pps1__regfull,m3_quarterly,quarterly,4,36,"12,24,36",4,8,42,1,full,exp4_pattern_length_sensitivity,pattern_raw_dtw,151,0.3423841059602649,0.017171836079074097,0.16284992550661612,0.3417218543046357,0.02359385611488432,0.16655097504850438,,
